{
    "specVersion":"1.0",
    "fileName":"package",
    "version":"1.0.0",
    "deviceType":"TEST",
    "manufacturerName":"TestPlug",
    "model":"T001",
    "description":"codec",
    "platform":"linux",
    "packageType":"CIGPlugin",
    "date":"2017-09-22 12:16:59",
	"ignoreList":[],
    "bundles":[
    {
        "bundleName": "TEST-TestPlug-T001",
        "bundleVersion": "1.0.0",
        "priority":5,
        "fileName": "TEST-TestPlug-T001-1.0.0.jar",
        "bundleDesc":"demo",
        "versionDesc":"demo"
    }]
}
